SecureSenseFiles\images\ (1).jpg;-1
SecureSenseFiles\images\ (2).jpg;-1
SecureSenseFiles\images\ (3).jpg;-1
SecureSenseFiles\images\ (4).jpg;-1
SecureSenseFiles\images\ (5).jpg;-1
SecureSenseFiles\images\ (6).jpg;-1
SecureSenseFiles\images\ (7).jpg;-1
SecureSenseFiles\images\ (8).jpg;-1
SecureSenseFiles\images\ (9).jpg;-1
SecureSenseFiles\images\ (10).jpg;-1
SecureSenseFiles\images\ (11).jpg;-1
SecureSenseFiles\images\ (12).jpg;-1
SecureSenseFiles\images\ (13).jpg;-1
SecureSenseFiles\images\ (14).jpg;-1
SecureSenseFiles\images\ (15).jpg;-1
SecureSenseFiles\images\ (16).jpg;-1
SecureSenseFiles\images\ (17).jpg;-1
SecureSenseFiles\images\ (18).jpg;-1
SecureSenseFiles\images\ (19).jpg;-1
SecureSenseFiles\images\ (20).jpg;-1
SecureSenseFiles\images\ (21).jpg;-1
SecureSenseFiles\images\ (22).jpg;-1
SecureSenseFiles\images\ (23).jpg;-1
SecureSenseFiles\images\ (24).jpg;-1
SecureSenseFiles\images\ (25).jpg;-1
SecureSenseFiles\images\ (26).jpg;-1
SecureSenseFiles\images\ (27).jpg;-1
SecureSenseFiles\images\ (28).jpg;-1
SecureSenseFiles\images\ (29).jpg;-1
SecureSenseFiles\images\ (30).jpg;-1
SecureSenseFiles\images\ (31).jpg;-1
SecureSenseFiles\images\ (32).jpg;-1
SecureSenseFiles\images\ (33).jpg;-1
SecureSenseFiles\images\ (34).jpg;-1
SecureSenseFiles\images\ (35).jpg;-1
SecureSenseFiles\images\ (36).jpg;-1
SecureSenseFiles\images\ (37).jpg;-1
SecureSenseFiles\images\ (38).jpg;-1
SecureSenseFiles\images\ (39).jpg;-1
SecureSenseFiles\images\ (40).jpg;-1
SecureSenseFiles\images\ (41).jpg;-1
SecureSenseFiles\images\ (42).jpg;-1
SecureSenseFiles\images\ (43).jpg;-1
SecureSenseFiles\images\ (44).jpg;-1
SecureSenseFiles\images\ (45).jpg;-1
SecureSenseFiles\images\ (46).jpg;-1
SecureSenseFiles\images\ (47).jpg;-1
SecureSenseFiles\images\ (48).jpg;-1
SecureSenseFiles\images\ (49).jpg;-1
SecureSenseFiles\images\ (50).jpg;-1
SecureSenseFiles\images\ (51).jpg;-1
SecureSenseFiles\images\ (52).jpg;-1
SecureSenseFiles\images\ (53).jpg;-1
SecureSenseFiles\images\ (54).jpg;-1
SecureSenseFiles\images\ (55).jpg;-1
SecureSenseFiles\images\ (56).jpg;-1
SecureSenseFiles\images\ (57).jpg;-1
SecureSenseFiles\images\ (58).jpg;-1
SecureSenseFiles\images\ (59).jpg;-1
SecureSenseFiles\images\ (60).jpg;-1
SecureSenseFiles\images\ (61).jpg;-1
SecureSenseFiles\images\ (62).jpg;-1
SecureSenseFiles\images\ (63).jpg;-1
SecureSenseFiles\images\ (64).jpg;-1
SecureSenseFiles\images\ (65).jpg;-1
SecureSenseFiles\images\ (66).jpg;-1
SecureSenseFiles\images\ (67).jpg;-1
SecureSenseFiles\images\ (68).jpg;-1
SecureSenseFiles\images\ (69).jpg;-1
SecureSenseFiles\images\ (70).jpg;-1
SecureSenseFiles\images\ (71).jpg;-1
SecureSenseFiles\images\ (72).jpg;-1
SecureSenseFiles\images\ (73).jpg;-1
SecureSenseFiles\images\ (74).jpg;-1
SecureSenseFiles\images\ (75).jpg;-1
SecureSenseFiles\images\ (76).jpg;-1
SecureSenseFiles\images\ (77).jpg;-1
SecureSenseFiles\images\ (78).jpg;-1
SecureSenseFiles\images\ (79).jpg;-1
SecureSenseFiles\images\ (80).jpg;-1
SecureSenseFiles\images\ (81).jpg;-1
SecureSenseFiles\images\ (82).jpg;-1
SecureSenseFiles\images\ (83).jpg;-1
SecureSenseFiles\images\ (84).jpg;-1
SecureSenseFiles\images\ (85).jpg;-1
SecureSenseFiles\images\ (86).jpg;-1
SecureSenseFiles\images\ (88).jpg;-1
SecureSenseFiles\images\ (89).jpg;-1
SecureSenseFiles\images\ (90).jpg;-1
SecureSenseFiles\images\ (91).jpg;-1
SecureSenseFiles\images\ (92).jpg;-1
SecureSenseFiles\images\ (93).jpg;-1
SecureSenseFiles\images\ (94).jpg;-1
SecureSenseFiles\images\ (95).jpg;-1
SecureSenseFiles\images\ (96).jpg;-1
SecureSenseFiles\images\ (97).jpg;-1
SecureSenseFiles\images\ (98).jpg;-1
SecureSenseFiles\images\ (99).jpg;-1
SecureSenseFiles\images\ (100).jpg;-1
SecureSenseFiles\images\ (101).jpg;-1
SecureSenseFiles\images\ (102).jpg;-1
SecureSenseFiles\images\ (103).jpg;-1
SecureSenseFiles\images\ (104).jpg;-1
SecureSenseFiles\images\ (105).jpg;-1
SecureSenseFiles\images\ (106).jpg;-1
SecureSenseFiles\images\ (107).jpg;-1
SecureSenseFiles\images\ (108).jpg;-1
SecureSenseFiles\images\ (109).jpg;-1
SecureSenseFiles\images\ (110).jpg;-1
SecureSenseFiles\images\ (111).jpg;-1
SecureSenseFiles\images\ (112).jpg;-1
SecureSenseFiles\images\ (113).jpg;-1
SecureSenseFiles\images\ (114).jpg;-1
SecureSenseFiles\images\ (115).jpg;-1
SecureSenseFiles\images\ (116).jpg;-1
SecureSenseFiles\images\ (117).jpg;-1
SecureSenseFiles\images\ (118).jpg;-1
SecureSenseFiles\images\ (119).jpg;-1
SecureSenseFiles\images\ (120).jpg;-1
SecureSenseFiles\images\ (121).jpg;-1
SecureSenseFiles\images\ (122).jpg;-1
SecureSenseFiles\images\ (123).jpg;-1
SecureSenseFiles\images\ (124).jpg;-1
SecureSenseFiles\images\ (125).jpg;-1
SecureSenseFiles\images\ (126).jpg;-1
SecureSenseFiles\images\ (127).jpg;-1
SecureSenseFiles\images\ (128).jpg;-1
SecureSenseFiles\images\ (129).jpg;-1
SecureSenseFiles\images\ (130).jpg;-1
SecureSenseFiles\images\ (131).jpg;-1
SecureSenseFiles\images\ (132).jpg;-1
SecureSenseFiles\images\ (133).jpg;-1
SecureSenseFiles\images\ (134).jpg;-1
SecureSenseFiles\images\ (135).jpg;-1
SecureSenseFiles\images\ (136).jpg;-1
SecureSenseFiles\images\ (137).jpg;-1
SecureSenseFiles\images\ (138).jpg;-1
SecureSenseFiles\images\ (139).jpg;-1
SecureSenseFiles\images\ (140).jpg;-1
SecureSenseFiles\images\ (141).jpg;-1
SecureSenseFiles\images\ (142).jpg;-1
SecureSenseFiles\images\ (143).jpg;-1
SecureSenseFiles\images\ (144).jpg;-1
SecureSenseFiles\images\ (145).jpg;-1
SecureSenseFiles\images\ (146).jpg;-1
SecureSenseFiles\images\ (147).jpg;-1
SecureSenseFiles\images\ (148).jpg;-1
SecureSenseFiles\images\ (149).jpg;-1
SecureSenseFiles\images\ (151).jpg;-1
SecureSenseFiles\images\ (152).jpg;-1
SecureSenseFiles\images\ (153).jpg;-1
SecureSenseFiles\images\ (154).jpg;-1
SecureSenseFiles\images\ (155).jpg;-1
SecureSenseFiles\images\ (156).jpg;-1
SecureSenseFiles\images\ (157).jpg;-1
SecureSenseFiles\images\ (158).jpg;-1
SecureSenseFiles\images\ (159).jpg;-1
SecureSenseFiles\images\ (160).jpg;-1
SecureSenseFiles\images\ (161).jpg;-1
SecureSenseFiles\images\ (162).jpg;-1
SecureSenseFiles\images\ (163).jpg;-1
SecureSenseFiles\images\ (164).jpg;-1
SecureSenseFiles\images\ (165).jpg;-1
SecureSenseFiles\images\ (166).jpg;-1
SecureSenseFiles\images\ (167).jpg;-1
SecureSenseFiles\images\ (168).jpg;-1
SecureSenseFiles\images\ (169).jpg;-1
SecureSenseFiles\images\ (170).jpg;-1
SecureSenseFiles\images\ (171).jpg;-1
SecureSenseFiles\images\ (172).jpg;-1
SecureSenseFiles\images\ (173).jpg;-1
SecureSenseFiles\images\ (174).jpg;-1
SecureSenseFiles\images\ (175).jpg;-1
SecureSenseFiles\images\ (176).jpg;-1
SecureSenseFiles\images\ (177).jpg;-1
SecureSenseFiles\images\ (178).jpg;-1
SecureSenseFiles\images\ (179).jpg;-1
SecureSenseFiles\images\ (180).jpg;-1
SecureSenseFiles\images\ (181).jpg;-1
SecureSenseFiles\images\ (182).jpg;-1
SecureSenseFiles\images\ (183).jpg;-1
SecureSenseFiles\images\ (184).jpg;-1
SecureSenseFiles\images\ (185).jpg;-1
SecureSenseFiles\images\ (186).jpg;-1
SecureSenseFiles\images\ (187).jpg;-1
SecureSenseFiles\images\ (188).jpg;-1
SecureSenseFiles\images\ (189).jpg;-1
SecureSenseFiles\images\ (190).jpg;-1
SecureSenseFiles\images\ (191).jpg;-1
SecureSenseFiles\images\ (192).jpg;-1
SecureSenseFiles\images\ (193).jpg;-1
SecureSenseFiles\images\ (194).jpg;-1
SecureSenseFiles\images\ (195).jpg;-1
SecureSenseFiles\images\ (196).jpg;-1
SecureSenseFiles\images\ (197).jpg;-1
SecureSenseFiles\images\ (198).jpg;-1
SecureSenseFiles\images\ (199).jpg;-1
SecureSenseFiles\images\ (200).jpg;-1
SecureSenseFiles\images\ (201).jpg;-1
SecureSenseFiles\images\ (202).jpg;-1
SecureSenseFiles\images\ (203).jpg;-1
SecureSenseFiles\images\ (204).jpg;-1
SecureSenseFiles\images\ (205).jpg;-1
SecureSenseFiles\images\ (206).jpg;-1
SecureSenseFiles\images\ (207).jpg;-1
SecureSenseFiles\images\ (208).jpg;-1
SecureSenseFiles\images\ (209).jpg;-1
SecureSenseFiles\images\ (210).jpg;-1
SecureSenseFiles\images\ (211).jpg;-1
SecureSenseFiles\images\ (212).jpg;-1
SecureSenseFiles\images\ (215).jpg;-1
SecureSenseFiles\images\ (216).jpg;-1
SecureSenseFiles\images\ (217).jpg;-1
SecureSenseFiles\images\ (218).jpg;-1
SecureSenseFiles\images\ (219).jpg;-1
SecureSenseFiles\images\ (220).jpg;-1
SecureSenseFiles\images\ (221).jpg;-1
SecureSenseFiles\images\ (222).jpg;-1
SecureSenseFiles\images\ (223).jpg;-1
SecureSenseFiles\images\ (224).jpg;-1
SecureSenseFiles\images\ (225).jpg;-1
SecureSenseFiles\images\ (226).jpg;-1
SecureSenseFiles\images\ (227).jpg;-1
SecureSenseFiles\images\ (228).jpg;-1
SecureSenseFiles\images\ (229).jpg;-1
SecureSenseFiles\images\ (230).jpg;-1
SecureSenseFiles\images\ (231).jpg;-1
SecureSenseFiles\images\ (232).jpg;-1
SecureSenseFiles\images\ (233).jpg;-1
SecureSenseFiles\images\ (234).jpg;-1
SecureSenseFiles\images\ (235).jpg;-1
SecureSenseFiles\images\ (236).jpg;-1
SecureSenseFiles\images\ (237).jpg;-1
SecureSenseFiles\images\ (238).jpg;-1
SecureSenseFiles\images\ (239).jpg;-1
SecureSenseFiles\images\ (240).jpg;-1
SecureSenseFiles\images\ (241).jpg;-1
SecureSenseFiles\images\ (242).jpg;-1
SecureSenseFiles\images\ (243).jpg;-1
SecureSenseFiles\images\ (244).jpg;-1
SecureSenseFiles\images\ (245).jpg;-1
SecureSenseFiles\images\ (246).jpg;-1
SecureSenseFiles\images\ (247).jpg;-1
SecureSenseFiles\images\ (248).jpg;-1
SecureSenseFiles\images\ (249).jpg;-1
SecureSenseFiles\images\ (250).jpg;-1
SecureSenseFiles\images\ (251).jpg;-1
SecureSenseFiles\images\ (252).jpg;-1
SecureSenseFiles\images\ (253).jpg;-1
SecureSenseFiles\images\ (254).jpg;-1
SecureSenseFiles\images\ (255).jpg;-1
SecureSenseFiles\images\ (256).jpg;-1
SecureSenseFiles\images\ (257).jpg;-1
SecureSenseFiles\images\ (258).jpg;-1
SecureSenseFiles\images\ (259).jpg;-1
SecureSenseFiles\images\ (260).jpg;-1
SecureSenseFiles\images\ (261).jpg;-1
SecureSenseFiles\images\ (262).jpg;-1
SecureSenseFiles\images\ (263).jpg;-1
SecureSenseFiles\images\ (264).jpg;-1
SecureSenseFiles\images\ (265).jpg;-1
SecureSenseFiles\images\ (266).jpg;-1
SecureSenseFiles\images\ (267).jpg;-1
SecureSenseFiles\images\ (268).jpg;-1
SecureSenseFiles\images\ (269).jpg;-1
SecureSenseFiles\images\ (270).jpg;-1
SecureSenseFiles\images\ (271).jpg;-1
SecureSenseFiles\images\ (272).jpg;-1
SecureSenseFiles\images\ (273).jpg;-1
SecureSenseFiles\images\ (274).jpg;-1
SecureSenseFiles\images\ (275).jpg;-1
SecureSenseFiles\images\ (276).jpg;-1
SecureSenseFiles\images\ (277).jpg;-1
SecureSenseFiles\images\ (278).jpg;-1
SecureSenseFiles\images\ (279).jpg;-1
SecureSenseFiles\images\ (280).jpg;-1
SecureSenseFiles\images\ (281).jpg;-1
SecureSenseFiles\images\ (282).jpg;-1
SecureSenseFiles\images\ (283).jpg;-1
SecureSenseFiles\images\ (284).jpg;-1
SecureSenseFiles\images\ (285).jpg;-1
SecureSenseFiles\images\ (286).jpg;-1
SecureSenseFiles\images\ (287).jpg;-1
SecureSenseFiles\images\ (288).jpg;-1
SecureSenseFiles\images\ (289).jpg;-1
SecureSenseFiles\images\ (290).jpg;-1
SecureSenseFiles\images\ (291).jpg;-1
SecureSenseFiles\images\ (292).jpg;-1
SecureSenseFiles\images\ (293).jpg;-1
SecureSenseFiles\images\ (294).jpg;-1
SecureSenseFiles\images\ (295).jpg;-1
SecureSenseFiles\images\ (296).jpg;-1
SecureSenseFiles\images\ (297).jpg;-1
SecureSenseFiles\images\ (298).jpg;-1
SecureSenseFiles\images\ (299).jpg;-1
SecureSenseFiles\images\ (300).jpg;-1
SecureSenseFiles\images\ (302).jpg;-1
SecureSenseFiles\images\ (303).jpg;-1
SecureSenseFiles\images\ (304).jpg;-1
SecureSenseFiles\images\ (305).jpg;-1
SecureSenseFiles\images\ (306).jpg;-1
SecureSenseFiles\images\ (307).jpg;-1
SecureSenseFiles\images\ (308).jpg;-1
SecureSenseFiles\images\ (309).jpg;-1
SecureSenseFiles\images\ (310).jpg;-1
SecureSenseFiles\images\ (311).jpg;-1
SecureSenseFiles\images\ (312).jpg;-1
SecureSenseFiles\images\ (313).jpg;-1
SecureSenseFiles\images\ (314).jpg;-1
SecureSenseFiles\images\ (315).jpg;-1
SecureSenseFiles\images\ (316).jpg;-1
SecureSenseFiles\images\ (317).jpg;-1
SecureSenseFiles\images\ (318).jpg;-1
SecureSenseFiles\images\ (319).jpg;-1
SecureSenseFiles\images\ (320).jpg;-1
SecureSenseFiles\images\ (321).jpg;-1
SecureSenseFiles\images\ (322).jpg;-1
SecureSenseFiles\images\ (323).jpg;-1
SecureSenseFiles\images\ (324).jpg;-1
SecureSenseFiles\images\ (325).jpg;-1
SecureSenseFiles\images\ (326).jpg;-1
SecureSenseFiles\images\ (327).jpg;-1
SecureSenseFiles\images\ (328).jpg;-1
SecureSenseFiles\images\ (329).jpg;-1
SecureSenseFiles\images\ (330).jpg;-1
SecureSenseFiles\images\ (331).jpg;-1
SecureSenseFiles\images\ (332).jpg;-1
SecureSenseFiles\images\ (333).jpg;-1
SecureSenseFiles\images\ (334).jpg;-1
SecureSenseFiles\images\ (335).jpg;-1
SecureSenseFiles\images\ (336).jpg;-1
SecureSenseFiles\images\ (337).jpg;-1
SecureSenseFiles\images\ (338).jpg;-1
SecureSenseFiles\images\ (339).jpg;-1
SecureSenseFiles\images\ (340).jpg;-1
SecureSenseFiles\images\ (341).jpg;-1
SecureSenseFiles\images\ (342).jpg;-1
SecureSenseFiles\images\ (343).jpg;-1
SecureSenseFiles\images\ (344).jpg;-1
SecureSenseFiles\images\ (345).jpg;-1
SecureSenseFiles\images\ (346).jpg;-1
SecureSenseFiles\images\ (347).jpg;-1
SecureSenseFiles\images\ (348).jpg;-1
SecureSenseFiles\images\ (349).jpg;-1
SecureSenseFiles\images\ (350).jpg;-1
SecureSenseFiles\images\ (351).jpg;-1
SecureSenseFiles\images\ (352).jpg;-1
SecureSenseFiles\images\ (353).jpg;-1
SecureSenseFiles\images\ (354).jpg;-1
SecureSenseFiles\images\ (355).jpg;-1
SecureSenseFiles\images\ (356).jpg;-1
SecureSenseFiles\images\ (357).jpg;-1
SecureSenseFiles\images\ (358).jpg;-1
SecureSenseFiles\images\ (359).jpg;-1
SecureSenseFiles\images\ (360).jpg;-1
SecureSenseFiles\images\ (361).jpg;-1
SecureSenseFiles\images\ (362).jpg;-1
SecureSenseFiles\images\ (363).jpg;-1
SecureSenseFiles\images\ (364).jpg;-1
SecureSenseFiles\images\ (365).jpg;-1
SecureSenseFiles\images\ (366).jpg;-1
SecureSenseFiles\images\ (367).jpg;-1
SecureSenseFiles\images\ (368).jpg;-1
SecureSenseFiles\images\ (369).jpg;-1
SecureSenseFiles\images\ (370).jpg;-1
SecureSenseFiles\images\ (371).jpg;-1
SecureSenseFiles\images\ (372).jpg;-1
SecureSenseFiles\images\ (373).jpg;-1
SecureSenseFiles\images\ (374).jpg;-1
SecureSenseFiles\images\ (375).jpg;-1
SecureSenseFiles\images\ (376).jpg;-1
SecureSenseFiles\images\ (377).jpg;-1
SecureSenseFiles\images\ (378).jpg;-1
SecureSenseFiles\images\ (379).jpg;-1
SecureSenseFiles\images\ (380).jpg;-1
SecureSenseFiles\images\ (381).jpg;-1
SecureSenseFiles\images\ (382).jpg;-1
SecureSenseFiles\images\ (383).jpg;-1
SecureSenseFiles\images\ (384).jpg;-1
SecureSenseFiles\images\ (385).jpg;-1
SecureSenseFiles\images\ (386).jpg;-1
SecureSenseFiles\images\ (387).jpg;-1
